{
    "return_stat": {
        "count": 48150,
        "mean": 43.5663262144015,
        "var": 8598955453.070843
    },
    "run_id": "zc1nylqx",
    "skill_ratings": {
        "1v1": 543.401123046875,
        "2v2": 563.1284790039063,
        "3v3": 427.22998046875
    },
    "total_iterations": 18143,
    "total_timesteps": 692090190
}