{
    "return_stat": {
        "count": 23634600,
        "mean": 49.97912846627509,
        "var": 8957650145133.68
    },
    "run_id": "faqm8bzf",
    "skill_ratings": {
        "1v1": 463.9151916503906,
        "2v2": 409.9166564941406,
        "3v3": -125.649169921875
    },
    "total_iterations": 157564,
    "total_timesteps": 63711562314
}